{"proteus_config.geojson":"a949073a0dde0eceff75d1baa11c6c298ea051df","__MACOSX/._proteus_config.geojson":"9f7aa5d7113a553b22d32769d943acaa8f2048c7","styles/.DS_Store":"df2fbeb1400acda0909a32c1cf6bf492f1121e07","__MACOSX/styles/._.DS_Store":"bb2a2d3e86b02527c610c4a75ee4e00c9841a535","styles/ReadInjoy_hot_news_cell.geojson":"ea271d2db2b08f3120ea7ef2027a45874358a547","__MACOSX/styles/._ReadInjoy_hot_news_cell.geojson":"4b3cc2329f7bce429d58bdecac4be6fb4a969d05","__MACOSX/._styles":"190e0b481825c5966d18c05688058c319121fe3b"}