{"cdn.vip.qq.com/club/client/comic/release/html/favorite.html":"6d5ac7e1c3e6dc035e6557864a709e58e599aec5","cdn.vip.qq.com/club/client/comic/release/html/subPage.html":"c51b924b86e3b97efc53a06f2b120fe4d46f3d29","cdn.vip.qq.com/club/client/comic/release/html/detail.html":"b4fbc406e7f84630b7f2316627103e7a1ec57fe7","cdn.vip.qq.com/club/client/comic/release/html/video.html":"daa5291bca1ded0770fee89dff5cbc7cb97b9edc","cdn.vip.qq.com/club/client/comic/release/html/redirect_2.html":"2867efca8c33ecbb062266e3d63e145dfac5c2f5","cdn.vip.qq.com/club/client/comic/release/html/download.html":"fe61c2204230d7a37db4766196d9ca08e29d5052","cdn.vip.qq.com/club/client/comic/release/html/downloadDetail.html":"ab3e775e9af8a4d7d74347f6fdb62e694cfed7c9","cdn.vip.qq.com/club/client/comic/release/js/businessLib.79d1db7e.js":"2887ec3e5ceb2695904bb808625579d40b3fcf64","cdn.vip.qq.com/club/client/comic/release/js/business/algorithRealTimeReport.f10f0788.js":"e46721b57f6a89a05b128ebe5333e30345839ba0","cdn.vip.qq.com/club/client/comic/release/js/business/compassReport.7659c447.js":"d7f271b5238a02046449fab78160e16e12d06d30","cdn.vip.qq.com/club/client/comic/release/js/business/imgReport.197f2085.js":"dd9b204d0d332a5a770dcd9a69fca9e7701027d7","cdn.vip.qq.com/club/client/comic/release/js/business/newActPoint.7a134ef9.js":"beaa89282f3353322ab5bbeb09794e91e9e2b08a","cdn.vip.qq.com/club/client/comic/release/js/business/newIndexBubble.29eb57f6.js":"a86b2d2a850d570f6d6bdd5cb66e6cf6a09eab79","cdn.vip.qq.com/club/client/comic/release/js/business/pay.5e6b60a0.js":"5cb632d6efbb5ab668c48528b189eee3cfb4da6c","cdn.vip.qq.com/club/client/comic/release/js/business/report.ec45143d.js":"ec6d20073501e8203dde83d646938cac9c93b537","cdn.vip.qq.com/club/client/comic/release/js/business/search.ead464e3.js":"80586b6f2e82d3c08566b1fcc51ce713bd81acd9","cdn.vip.qq.com/club/client/comic/release/js/business/userInfo.689db0d0.js":"556ca224f8a08fa622a3586d5e0a90c3140d1765","cdn.vip.qq.com/club/client/comic/release/js/business/vip.0023cdb8.js":"a968f6d6204740d5ee7af9a139bd1d9fae4d70a9","cdn.vip.qq.com/club/client/comic/release/js/widget/WVUtil.a664c6a3.js":"0658a801de91b73216e31f5a3e0ec73605f7fcde","cdn.vip.qq.com/club/client/comic/release/js/widget/floor_act.463e82c0.js":"d6ef2a2d8357fe59c8b226530fe2d3c6f0759f14","cdn.vip.qq.com/club/client/comic/release/js/widget/fullScreen.d2bdc864.js":"87230fd1f27772642627c52923a5337c0a0f6e4b","cdn.vip.qq.com/club/client/comic/release/js/widget/img_loader.b71354de.js":"d2b7348b4ebd8f74ac1e901c8649deb80ced11c4","cdn.vip.qq.com/club/client/comic/release/js/widget/let_it_snow.6b1f8feb.js":"d28b9c9dbc7d55049b8555721e493ed133dae870","cdn.vip.qq.com/club/client/comic/release/js/widget/pay.984b706b.js":"6beded5fd1ef68af9c25c388208fd05d8ef2b40e","cdn.vip.qq.com/club/client/comic/release/js/widget/radar.8945bdf3.js":"5895d0069fafe8b3badf928fe1864446c2828384","cdn.vip.qq.com/club/client/comic/release/js/widget/redpoint.aa64ed56.js":"79b7ba37c6d07ffa409826248774a31f6fc38bda","cdn.vip.qq.com/club/client/comic/release/js/widget/sign_v2.e2aed45c.js":"595bd57ccb587df0dc20fcee412fa9758873e1b3","cdn.vip.qq.com/club/client/comic/release/js/widget/swipeMenu.bfb5ceaa.js":"0e73d36956b13f25743ffcc3bb5c3dd9cdc6f4ed","cdn.vip.qq.com/club/client/comic/release/js/widget/video.b1450c04.js":"e729f77d93c74892c446e0d6b2447819a4b4fc2a","cdn.vip.qq.com/club/client/comic/release/js/widget/yellowTips.a645e2b6.js":"fd509ce2b23329e1187c6682d9f991ec281d36fd","cdn.vip.qq.com/club/client/comic/release/js/lib/app-manager.cde3ef9b.js":"2c1cf1650ad82bb0f8e3cff251ecc19e9342ba51","cdn.vip.qq.com/club/client/comic/release/js/lib/bj-report.44f308bb.js":"628b5703ef4a6be4834b50f2a20fc85faa65f979","cdn.vip.qq.com/club/client/comic/release/js/lib/dom.e037f4fc.js":"0818a9ed23f942dfd491cd4d9322c38715c10fd3","cdn.vip.qq.com/club/client/comic/release/js/lib/fastclick.cbf397b4.js":"6602d3d0a453c172d1363a4614900f37e54848fb","cdn.vip.qq.com/club/client/comic/release/js/lib/slip.7a81c2a3.js":"a10e7908add0ebc930553ff54b87674706039870","cdn.vip.qq.com/club/client/comic/release/js/lib/smartpay.9c1f1e4d.js":"7e59eca318c64e6df37f924ac61f9b630e7e10ec","cdn.vip.qq.com/club/client/comic/release/js/lib/swiper.102311ab.js":"db9832eb9a03d782c05ca1f818ed77a3fcab76b0","cdn.vip.qq.com/club/client/comic/release/js/lib/touch.0d8b3b6c.js":"f0f72cbf0b86e5a0de5fbf64f3b4df5579b4f5cf","cdn.vip.qq.com/club/client/comic/release/js/lib/zepto.js":"182a887b844259084e1bc28ee8928968b6db5efe","cdn.vip.qq.com/club/client/comic/release/js/page/otherIndex.2615426c.js":"0a0212279eaa14d485236a8ab6d73e4c0d57ebbb","cdn.vip.qq.com/club/client/comic/release/js/public/piggy.js":"bc85b8851738398526fecf8d77cfe93f377fd264","cdn.vip.qq.com/club/client/comic/release/font/corner.ttf":"fe48eb08d5128a932d17d2899d7487dc31206b45","cdn.vip.qq.com/club/client/comic/release/css/global.css":"6e1d77d7a822166b03e963a9a0c71a3029da1977"}