{"kandian.qq.com/.DS_Store":"382b9787e619af1951b8b1e9876a86556ffb1816","__MACOSX/kandian.qq.com/._.DS_Store":"6bcf1dd63ec6e9341108149383cddc8372652330","kandian.qq.com/viola/.DS_Store":"df2fbeb1400acda0909a32c1cf6bf492f1121e07","__MACOSX/kandian.qq.com/viola/._.DS_Store":"6bcf1dd63ec6e9341108149383cddc8372652330","kandian.qq.com/viola/bundle_messageBox.js":"21a6bac1f3e36472ac485fad7a5fd5f7ebc2397d","kandian.qq.com/viola/bundle_wendadetail.js":"4b9b08a54c9f24d36c6ee6666656016d515bc6dd","__MACOSX/kandian.qq.com/viola/._bundle_wendadetail.js":"740ef58d37f32cf9b86b0c718e693ef21b5be73f","kandian.qq.com/viola/bundle_weishiLeadTo_delay.js":"adfc769e35dc41cae3be2019cd0aa00b3b3dc27f","__MACOSX/kandian.qq.com/viola/._bundle_weishiLeadTo_delay.js":"740ef58d37f32cf9b86b0c718e693ef21b5be73f","kandian.qq.com/viola/bundle_hotTopic.js":"bc7a166fffa9094d8ea0762af38413fe7d894cae","__MACOSX/kandian.qq.com/viola/._bundle_hotTopic.js":"740ef58d37f32cf9b86b0c718e693ef21b5be73f","kandian.qq.com/viola/bundle_discover.js":"0d6877bd943cecf5313ff1e48575fd448f58769f","__MACOSX/kandian.qq.com/viola/._bundle_discover.js":"740ef58d37f32cf9b86b0c718e693ef21b5be73f","kandian.qq.com/viola/bundle_wenda.js":"39529a01b715bb400a29f8c6f47e82e0cb7fc494","__MACOSX/kandian.qq.com/viola/._bundle_wenda.js":"740ef58d37f32cf9b86b0c718e693ef21b5be73f","kandian.qq.com/viola/bundle_home.js":"35a7f6a3430752af9734a3f811e09450e3bcf2fa","__MACOSX/kandian.qq.com/viola/._bundle_home.js":"740ef58d37f32cf9b86b0c718e693ef21b5be73f","kandian.qq.com/viola/viola_main.js":"64fd92db0d579b8de10ec74db2dc6fa011510174","__MACOSX/kandian.qq.com/viola/._viola_main.js":"740ef58d37f32cf9b86b0c718e693ef21b5be73f","__MACOSX/kandian.qq.com/._viola":"740ef58d37f32cf9b86b0c718e693ef21b5be73f","__MACOSX/._kandian.qq.com":"740ef58d37f32cf9b86b0c718e693ef21b5be73f"}