{"sqimg.qq.com/.DS_Store":"4436679b5b8a2065b0b9449824b570249429acf8","__MACOSX/sqimg.qq.com/._.DS_Store":"0bed7e90c2bade9763fa18f1fb4441d31f91c87c","sqimg.qq.com/qq_product_operations/.DS_Store":"e1e30b8a4d014f358c121e249ca4a243dda7a495","__MACOSX/sqimg.qq.com/qq_product_operations/._.DS_Store":"0bed7e90c2bade9763fa18f1fb4441d31f91c87c","sqimg.qq.com/qq_product_operations/kan/.DS_Store":"a769289e5f2527cbdda4385bb119657b7d4d47c4","__MACOSX/sqimg.qq.com/qq_product_operations/kan/._.DS_Store":"0bed7e90c2bade9763fa18f1fb4441d31f91c87c","sqimg.qq.com/qq_product_operations/kan/violaLibs/.DS_Store":"da7a9263af618fe50cd9d599777a9b0aee388199","__MACOSX/sqimg.qq.com/qq_product_operations/kan/violaLibs/._.DS_Store":"515d2b62ac323bdbca0e6b2ffabe8c22d5e93c1a","sqimg.qq.com/qq_product_operations/kan/violaLibs/Viola.min.0.3.10.js":"4516b772d6a7194a38eceebaf1dd3fd9eec39f98","__MACOSX/sqimg.qq.com/qq_product_operations/kan/._violaLibs":"0f49cf853198f71c7f6078a7767ad62d366729fa","__MACOSX/sqimg.qq.com/qq_product_operations/._kan":"0f49cf853198f71c7f6078a7767ad62d366729fa","__MACOSX/sqimg.qq.com/._qq_product_operations":"0f49cf853198f71c7f6078a7767ad62d366729fa","__MACOSX/._sqimg.qq.com":"0f49cf853198f71c7f6078a7767ad62d366729fa"}