{"viola.qq.com/channel/funny.js":"2b7b639f9f3c17ca7663787626eab2362272d94b","viola.qq.com/channel/kd_cartoon.js":"c09d5188fcd0b5930cc4bd7e358c1bfe95a36ffa","viola.qq.com/channel/kd_cartoon_shelf.js":"f87f371a054e354fb06c52e0d069cf08923452c9","viola.qq.com/channel/kd_common_waterfall.js":"3163bc41da0b508adaf9b31a684611bfa8dfa8ee","viola.qq.com/channel/kd_fashion.js":"6d9c2175f3a51bd5b994b213f0f658d0e27a8ad6","viola.qq.com/channel/kd_fashion_category.js":"8a9a85953ce71037d69a09e14a6f54e32301dd9c","viola.qq.com/channel/kd_food.js":"47297860bbb3580587b101f95a17586f16eecba0","viola.qq.com/channel/kd_funny.js":"9a52144fd70b359c4a2ddcff896e88c53d7b65b3","viola.qq.com/channel/kd_game.js":"3f1c6e6dce01da0611ef4ab5001ab5a8a061733c","viola.qq.com/channel/kd_hot.js":"996bac489f69af1cfbb0dd919f71b1c57cc75a89","viola.qq.com/channel/kd_media.js":"492227adb36aa49298867c6f177ddcee9b8020b0","viola.qq.com/channel/kd_nba.js":"c084e9b56d5c54ecb049501efbffffdb5e15bdc1","viola.qq.com/channel/kd_novel.js":"523f1aaedfb493caaffb866dc287022ba36a6036","viola.qq.com/channel/kd_now.js":"0b2390e0bc972fccf5e3e177faba87d05e21a25a","viola.qq.com/channel/kd_science.js":"acdb1703d2b9e406b265f9265a0c598000672ce0","viola.qq.com/channel/kd_seventy.js":"975594b5c99b970e38d0621ab84700965c103f4b","viola.qq.com/channel/kd_star.js":"4b9b666b264c0f1563ee38a6bef0eb5d9ba3d580"}