{"type":"FaceSuit","name":"Boy_VIPDefaultBoy_Export","slots_count":3,"attachments":{"Head":{"Head":{"x":66.11,"y":-6.9,"rotation":-89.08,"width":121,"height":122}},"Mouth":{"Mouth_basic_00":{"x":7,"y":0.08,"rotation":-89.08,"width":18,"height":7},"Mouth_basic_01":{"x":8.55,"y":-2.88,"rotation":-89.08,"width":16,"height":10},"Mouth_basic_02":{"x":5.99,"y":1.07,"rotation":-89.08,"width":16,"height":9}},"Eyes":{"Eye_Basicopen_00":{"x":16.41,"y":0.98,"rotation":-89.53,"width":57,"height":27},"Eye_Basicclose_00":{"x":15.91,"y":0.98,"rotation":-89.53,"width":57,"height":26},"Eye_Basicdoubt_00":{"x":16.41,"y":0.98,"rotation":-89.53,"width":57,"height":27},"Eye_Basicwink_00":{"x":16.41,"y":0.98,"rotation":-89.53,"width":57,"height":27}}},"Ver":"1.1"}